{"mean":{"confidence_interval":{"confidence_level":0.95,"lower_bound":474067387.175,"upper_bound":476434262.025},"point_estimate":475233762.0,"standard_error":603222.2455303333},"median":{"confidence_interval":{"confidence_level":0.95,"lower_bound":476503500.0,"upper_bound":476893800.0},"point_estimate":476702950.0,"standard_error":97684.87558866543},"median_abs_dev":{"confidence_interval":{"confidence_level":0.95,"lower_bound":977626.4226436615,"upper_bound":3427993.5291409492},"point_estimate":1678673.8201975822,"standard_error":582268.01391137},"slope":null,"std_dev":{"confidence_interval":{"confidence_level":0.95,"lower_bound":4838568.882843613,"upper_bound":7295133.863840292},"point_estimate":6082430.881800035,"standard_error":633700.2127055781}}