{"mean":{"confidence_interval":{"confidence_level":0.95,"lower_bound":3156464.6671875,"upper_bound":3173731.128125},"point_estimate":3164182.3125,"standard_error":4436.310249329446},"median":{"confidence_interval":{"confidence_level":0.95,"lower_bound":3149550.0,"upper_bound":3155562.5},"point_estimate":3152896.875,"standard_error":1686.3792003245812},"median_abs_dev":{"confidence_interval":{"confidence_level":0.95,"lower_bound":8988.262340426445,"upper_bound":16628.285329788923},"point_estimate":13158.074766397476,"standard_error":2000.4277257530425},"slope":null,"std_dev":{"confidence_interval":{"confidence_level":0.95,"lower_bound":20861.616599361343,"upper_bound":63949.76422832958},"point_estimate":44548.67138006485,"standard_error":11014.152438302937}}