{"mean":{"confidence_interval":{"confidence_level":0.95,"lower_bound":806298039.775,"upper_bound":808082045.25},"point_estimate":807194131.0,"standard_error":456216.012060502},"median":{"confidence_interval":{"confidence_level":0.95,"lower_bound":805992300.0,"upper_bound":807304400.0},"point_estimate":806647650.0,"standard_error":273074.6482129445},"median_abs_dev":{"confidence_interval":{"confidence_level":0.95,"lower_bound":1772516.838781536,"upper_bound":3307902.9312729836},"point_estimate":2587655.864059925,"standard_error":426274.4252759193},"slope":null,"std_dev":{"confidence_interval":{"confidence_level":0.95,"lower_bound":3775232.360863443,"upper_bound":5292843.96611245},"point_estimate":4577042.471244368,"standard_error":387735.0587253068}}