{"mean":{"confidence_interval":{"confidence_level":0.95,"lower_bound":3168838.1859375,"upper_bound":3176688.7671875},"point_estimate":3172288.0,"standard_error":2010.5182792133448},"median":{"confidence_interval":{"confidence_level":0.95,"lower_bound":3166846.875,"upper_bound":3169400.0},"point_estimate":3168225.0,"standard_error":614.6808762712598},"median_abs_dev":{"confidence_interval":{"confidence_level":0.95,"lower_bound":4049.351178109646,"upper_bound":7111.846748739481},"point_estimate":5518.051777034998,"standard_error":758.2280987290565},"slope":null,"std_dev":{"confidence_interval":{"confidence_level":0.95,"lower_bound":8464.453457015245,"upper_bound":29823.733561857927},"point_estimate":20243.230523006347,"standard_error":5525.422560144593}}