{"mean":{"confidence_interval":{"confidence_level":0.95,"lower_bound":11790103.129999999,"upper_bound":11822295.28},"point_estimate":11804180.4,"standard_error":8274.506296917129},"median":{"confidence_interval":{"confidence_level":0.95,"lower_bound":11789660.0,"upper_bound":11800400.0},"point_estimate":11792020.0,"standard_error":3087.703851617821},"median_abs_dev":{"confidence_interval":{"confidence_level":0.95,"lower_bound":18710.41166782379,"upper_bound":36990.86934328079},"point_estimate":26820.233523845673,"standard_error":4615.771653375373},"slope":null,"std_dev":{"confidence_interval":{"confidence_level":0.95,"lower_bound":34783.23564580262,"upper_bound":130567.61308998948},"point_estimate":83086.2270845868,"standard_error":27991.434719614062}}