{"mean":{"confidence_interval":{"confidence_level":0.95,"lower_bound":821460344.05,"upper_bound":822857879.475},"point_estimate":822207079.0,"standard_error":358397.52865931054},"median":{"confidence_interval":{"confidence_level":0.95,"lower_bound":822455500.0,"upper_bound":822947600.0},"point_estimate":822718750.0,"standard_error":145593.36897484164},"median_abs_dev":{"confidence_interval":{"confidence_level":0.95,"lower_bound":761315.0864839554,"upper_bound":1264140.7208070154},"point_estimate":1032630.8816671371,"standard_error":129585.2998123636},"slope":null,"std_dev":{"confidence_interval":{"confidence_level":0.95,"lower_bound":2243160.12697954,"upper_bound":4709015.578332085},"point_estimate":3612074.800904921,"standard_error":630550.1148936827}}