{"mean":{"confidence_interval":{"confidence_level":0.95,"lower_bound":56721183.85,"upper_bound":57046875.025},"point_estimate":56871511.0,"standard_error":83153.67442367849},"median":{"confidence_interval":{"confidence_level":0.95,"lower_bound":56591200.0,"upper_bound":56756700.0},"point_estimate":56669200.0,"standard_error":41744.559681734725},"median_abs_dev":{"confidence_interval":{"confidence_level":0.95,"lower_bound":198446.00647687912,"upper_bound":379842.11325645447},"point_estimate":304377.7745962143,"standard_error":44862.02316859281},"slope":null,"std_dev":{"confidence_interval":{"confidence_level":0.95,"lower_bound":513182.68426090176,"upper_bound":1167676.6589302884},"point_estimate":837533.4717743669,"standard_error":175321.48638389682}}