{"mean":{"confidence_interval":{"confidence_level":0.95,"lower_bound":5173515.587499999,"upper_bound":5201650.95},"point_estimate":5185453.5,"standard_error":7283.999336778253},"median":{"confidence_interval":{"confidence_level":0.95,"lower_bound":5163415.0,"upper_bound":5173130.0},"point_estimate":5166870.0,"standard_error":2854.858558639747},"median_abs_dev":{"confidence_interval":{"confidence_level":0.95,"lower_bound":11542.040795087814,"upper_bound":23810.555577278137},"point_estimate":15826.754719018936,"standard_error":3219.780667187025},"slope":null,"std_dev":{"confidence_interval":{"confidence_level":0.95,"lower_bound":28747.620553711848,"upper_bound":114727.90755310356},"point_estimate":73355.71339456977,"standard_error":25090.735614906298}}