{"mean":{"confidence_interval":{"confidence_level":0.95,"lower_bound":729789772.975,"upper_bound":730917909.425},"point_estimate":730366497.0,"standard_error":286938.8716523089},"median":{"confidence_interval":{"confidence_level":0.95,"lower_bound":730591700.0,"upper_bound":731211100.0},"point_estimate":730871850.0,"standard_error":162160.0599924548},"median_abs_dev":{"confidence_interval":{"confidence_level":0.95,"lower_bound":825437.5353455544,"upper_bound":1491273.1835246086},"point_estimate":1098606.5804958344,"standard_error":170497.31604109076},"slope":null,"std_dev":{"confidence_interval":{"confidence_level":0.95,"lower_bound":2191417.4969133027,"upper_bound":3485263.038808165},"point_estimate":2876577.2343433476,"standard_error":330558.6898530708}}