{"mean":{"confidence_interval":{"confidence_level":0.95,"lower_bound":27769812.975,"upper_bound":27881395.025},"point_estimate":27820238.5,"standard_error":28463.732214567422},"median":{"confidence_interval":{"confidence_level":0.95,"lower_bound":27746475.0,"upper_bound":27789000.0},"point_estimate":27773300.0,"standard_error":9944.163614653462},"median_abs_dev":{"confidence_interval":{"confidence_level":0.95,"lower_bound":71720.77372670174,"upper_bound":135027.79260277748},"point_estimate":112640.53300023079,"standard_error":17432.644244622592},"slope":null,"std_dev":{"confidence_interval":{"confidence_level":0.95,"lower_bound":160460.33784787802,"upper_bound":415635.8099343071},"point_estimate":286526.9167688802,"standard_error":70289.45720413499}}