{"mean":{"confidence_interval":{"confidence_level":0.95,"lower_bound":5543617.961111111,"upper_bound":5578915.580555555},"point_estimate":5560041.555555555,"standard_error":9000.536930165463},"median":{"confidence_interval":{"confidence_level":0.95,"lower_bound":5524733.333333333,"upper_bound":5538988.888888889},"point_estimate":5530450.0,"standard_error":3993.2802203112783},"median_abs_dev":{"confidence_interval":{"confidence_level":0.95,"lower_bound":22000.136276084944,"upper_bound":43209.5525662112},"point_estimate":30673.34612210607,"standard_error":5317.418253111535},"slope":null,"std_dev":{"confidence_interval":{"confidence_level":0.95,"lower_bound":57495.76055073011,"upper_bound":117838.95003566089},"point_estimate":90187.3848779367,"standard_error":15498.33661369348}}