{"mean":{"confidence_interval":{"confidence_level":0.95,"lower_bound":66464676.125,"upper_bound":67584586.025},"point_estimate":66972118.0,"standard_error":288078.5269869215},"median":{"confidence_interval":{"confidence_level":0.95,"lower_bound":65701850.0,"upper_bound":66030150.0},"point_estimate":65854950.0,"standard_error":101936.19029744586},"median_abs_dev":{"confidence_interval":{"confidence_level":0.95,"lower_bound":258194.78541612625,"upper_bound":730775.3802761431},"point_estimate":461459.2418074608,"standard_error":142358.19373485548},"slope":null,"std_dev":{"confidence_interval":{"confidence_level":0.95,"lower_bound":1553514.575678463,"upper_bound":4068506.8021510984},"point_estimate":2892664.0836579776,"standard_error":651664.9915636051}}