{"mean":{"confidence_interval":{"confidence_level":0.95,"lower_bound":7350521.950000003,"upper_bound":7377285.142857144},"point_estimate":7363387.0,"standard_error":6782.704872798497},"median":{"confidence_interval":{"confidence_level":0.95,"lower_bound":7351800.0,"upper_bound":7362528.571428571},"point_estimate":7356778.571428572,"standard_error":2980.085057003775},"median_abs_dev":{"confidence_interval":{"confidence_level":0.95,"lower_bound":16636.889704636953,"upper_bound":29344.889479024958},"point_estimate":21095.27962548382,"standard_error":3334.1115002832635},"slope":null,"std_dev":{"confidence_interval":{"confidence_level":0.95,"lower_bound":37849.742208089796,"upper_bound":95477.46796033364},"point_estimate":68049.89844970114,"standard_error":14932.24620460321}}