{"mean":{"confidence_interval":{"confidence_level":0.95,"lower_bound":28651776.425,"upper_bound":28718413.05},"point_estimate":28680854.0,"standard_error":17211.88976090674},"median":{"confidence_interval":{"confidence_level":0.95,"lower_bound":28638175.0,"upper_bound":28663525.0},"point_estimate":28654125.0,"standard_error":7080.748470560126},"median_abs_dev":{"confidence_interval":{"confidence_level":0.95,"lower_bound":47072.5491642952,"upper_bound":76576.28864049911},"point_estimate":65938.63382935524,"standard_error":7573.129206138056},"slope":null,"std_dev":{"confidence_interval":{"confidence_level":0.95,"lower_bound":66211.21852229293,"upper_bound":261309.09366342894},"point_estimate":173049.5591827189,"standard_error":52640.69056727478}}