{"mean":{"confidence_interval":{"confidence_level":0.95,"lower_bound":62116343.925,"upper_bound":62438091.175},"point_estimate":62253949.0,"standard_error":83221.63516286612},"median":{"confidence_interval":{"confidence_level":0.95,"lower_bound":62048450.0,"upper_bound":62191400.0},"point_estimate":62093400.0,"standard_error":30014.45089469613},"median_abs_dev":{"confidence_interval":{"confidence_level":0.95,"lower_bound":162344.69711780548,"upper_bound":284140.28495550156},"point_estimate":210677.45625972748,"standard_error":31840.842386012162},"slope":null,"std_dev":{"confidence_interval":{"confidence_level":0.95,"lower_bound":339678.77482203,"upper_bound":1310933.98912089},"point_estimate":834748.2535271737,"standard_error":287018.86511999945}}