{"mean":{"confidence_interval":{"confidence_level":0.95,"lower_bound":65390946.975,"upper_bound":65624420.75},"point_estimate":65484490.0,"standard_error":61294.309427682994},"median":{"confidence_interval":{"confidence_level":0.95,"lower_bound":65327250.0,"upper_bound":65421600.0},"point_estimate":65356600.0,"standard_error":21752.324632302458},"median_abs_dev":{"confidence_interval":{"confidence_level":0.95,"lower_bound":122166.23783111572,"upper_bound":232990.58586359024},"point_estimate":157452.11720466614,"standard_error":29510.011234636357},"slope":null,"std_dev":{"confidence_interval":{"confidence_level":0.95,"lower_bound":219826.9337462259,"upper_bound":999214.6516173846},"point_estimate":616873.0628391595,"standard_error":258195.38810373057}}