{"mean":{"confidence_interval":{"confidence_level":0.95,"lower_bound":20830941.89999999,"upper_bound":20906976.766666673},"point_estimate":20863764.666666664,"standard_error":19689.826892047993},"median":{"confidence_interval":{"confidence_level":0.95,"lower_bound":20813250.0,"upper_bound":20834966.666666668},"point_estimate":20821100.0,"standard_error":5450.454252952799},"median_abs_dev":{"confidence_interval":{"confidence_level":0.95,"lower_bound":37139.12934064865,"upper_bound":74105.28868436629},"point_estimate":59798.198938370675,"standard_error":10250.510815814388},"slope":null,"std_dev":{"confidence_interval":{"confidence_level":0.95,"lower_bound":70477.3251423918,"upper_bound":300266.92153972876},"point_estimate":198023.0078130937,"standard_error":61076.83448754404}}