{"mean":{"confidence_interval":{"confidence_level":0.95,"lower_bound":68253038.925,"upper_bound":68568874.125},"point_estimate":68403072.0,"standard_error":80396.50346059877},"median":{"confidence_interval":{"confidence_level":0.95,"lower_bound":68527800.0,"upper_bound":68654500.0},"point_estimate":68600300.0,"standard_error":33776.892448620805},"median_abs_dev":{"confidence_interval":{"confidence_level":0.95,"lower_bound":196073.84651899338,"upper_bound":577769.2097425461},"point_estimate":339218.87397766113,"standard_error":105467.99371257357},"slope":null,"std_dev":{"confidence_interval":{"confidence_level":0.95,"lower_bound":552146.7484251505,"upper_bound":1101415.18799977},"point_estimate":803585.6659002848,"standard_error":153868.8126199413}}