{"mean":{"confidence_interval":{"confidence_level":0.95,"lower_bound":2691208.890789473,"upper_bound":2701483.3684210526},"point_estimate":2695362.4736842113,"standard_error":2682.456149043661},"median":{"confidence_interval":{"confidence_level":0.95,"lower_bound":2688952.6315789474,"upper_bound":2692321.052631579},"point_estimate":2690657.8947368423,"standard_error":709.487655617247},"median_abs_dev":{"confidence_interval":{"confidence_level":0.95,"lower_bound":6051.34883993534,"upper_bound":9605.687197886124},"point_estimate":7432.50776278347,"standard_error":953.3839135104932},"slope":null,"std_dev":{"confidence_interval":{"confidence_level":0.95,"lower_bound":8864.14477149372,"upper_bound":43369.85087703119},"point_estimate":26885.31147198263,"standard_error":10812.88725519261}}