{"mean":{"confidence_interval":{"confidence_level":0.95,"lower_bound":821224956.575,"upper_bound":823191352.65},"point_estimate":822261900.0,"standard_error":502221.95097360725},"median":{"confidence_interval":{"confidence_level":0.95,"lower_bound":823000400.0,"upper_bound":823511400.0},"point_estimate":823231650.0,"standard_error":133771.5420572757},"median_abs_dev":{"confidence_interval":{"confidence_level":0.95,"lower_bound":768431.5663576126,"upper_bound":1369922.375679016},"point_estimate":1047086.2314105034,"standard_error":148257.94245373443},"slope":null,"std_dev":{"confidence_interval":{"confidence_level":0.95,"lower_bound":3533728.185937633,"upper_bound":6250158.222065185},"point_estimate":5050002.134533002,"standard_error":694671.9244351231}}