{"mean":{"confidence_interval":{"confidence_level":0.95,"lower_bound":53138498.025,"upper_bound":53441243.075},"point_estimate":53274988.0,"standard_error":77673.200167198},"median":{"confidence_interval":{"confidence_level":0.95,"lower_bound":53018350.0,"upper_bound":53104550.0},"point_estimate":53058750.0,"standard_error":21591.38901424159},"median_abs_dev":{"confidence_interval":{"confidence_level":0.95,"lower_bound":157820.91394811886,"upper_bound":318758.9943408966},"point_estimate":222612.38604784012,"standard_error":38908.309928020564},"slope":null,"std_dev":{"confidence_interval":{"confidence_level":0.95,"lower_bound":427858.31607850996,"upper_bound":1140561.1049683515},"point_estimate":784222.2801623468,"standard_error":197179.32697582807}}