{"mean":{"confidence_interval":{"confidence_level":0.95,"lower_bound":467604671.3,"upper_bound":469882637.65},"point_estimate":468714228.0,"standard_error":581864.0744385452},"median":{"confidence_interval":{"confidence_level":0.95,"lower_bound":464892100.0,"upper_bound":466232250.0},"point_estimate":465412300.0,"standard_error":320371.1252614761},"median_abs_dev":{"confidence_interval":{"confidence_level":0.95,"lower_bound":1382524.4754552841,"upper_bound":3273877.26187706},"point_estimate":1957699.1352438927,"standard_error":486886.29914770933},"slope":null,"std_dev":{"confidence_interval":{"confidence_level":0.95,"lower_bound":5163359.295342458,"upper_bound":6363287.716824892},"point_estimate":5851395.857867652,"standard_error":305310.2221197355}}