{"mean":{"confidence_interval":{"confidence_level":0.95,"lower_bound":3282143.36875,"upper_bound":3294118.7859375},"point_estimate":3287121.1875,"standard_error":3133.007356385174},"median":{"confidence_interval":{"confidence_level":0.95,"lower_bound":3279768.75,"upper_bound":3282646.875},"point_estimate":3281437.5,"standard_error":862.3689846732473},"median_abs_dev":{"confidence_interval":{"confidence_level":0.95,"lower_bound":5633.879899978638,"upper_bound":9470.107331871986},"point_estimate":7505.662366747856,"standard_error":941.6010168665362},"slope":null,"std_dev":{"confidence_interval":{"confidence_level":0.95,"lower_bound":9972.603198243718,"upper_bound":49898.04836199388},"point_estimate":31376.685521737618,"standard_error":11548.083128635786}}