{"mean":{"confidence_interval":{"confidence_level":0.95,"lower_bound":57257052.25,"upper_bound":57608075.075},"point_estimate":57410693.0,"standard_error":90541.74652475222},"median":{"confidence_interval":{"confidence_level":0.95,"lower_bound":57195650.0,"upper_bound":57298900.0},"point_estimate":57237100.0,"standard_error":28137.405353625258},"median_abs_dev":{"confidence_interval":{"confidence_level":0.95,"lower_bound":215866.55616760254,"upper_bound":427730.0924062729},"point_estimate":316535.0943803787,"standard_error":55962.697259083085},"slope":null,"std_dev":{"confidence_interval":{"confidence_level":0.95,"lower_bound":446045.8358365543,"upper_bound":1386487.6759845493},"point_estimate":911465.3903628448,"standard_error":283284.26959141647}}