{"mean":{"confidence_interval":{"confidence_level":0.95,"lower_bound":3098087.6875,"upper_bound":3112998.815625},"point_estimate":3104545.5625,"standard_error":3851.3129998924655},"median":{"confidence_interval":{"confidence_level":0.95,"lower_bound":3090256.25,"upper_bound":3097343.75},"point_estimate":3093562.5,"standard_error":1921.4470417666196},"median_abs_dev":{"confidence_interval":{"confidence_level":0.95,"lower_bound":6477.108635008335,"upper_bound":13741.84850603342},"point_estimate":9173.587337136269,"standard_error":1789.2000826907595},"slope":null,"std_dev":{"confidence_interval":{"confidence_level":0.95,"lower_bound":16605.393154234986,"upper_bound":59051.818231368365},"point_estimate":38752.19721588125,"standard_error":11669.101244722391}}