{"mean":{"confidence_interval":{"confidence_level":0.95,"lower_bound":5518395.888888888,"upper_bound":5539716.33611111},"point_estimate":5528080.555555555,"standard_error":5482.555201868697},"median":{"confidence_interval":{"confidence_level":0.95,"lower_bound":5508366.666666667,"upper_bound":5518377.777777778},"point_estimate":5512833.333333333,"standard_error":2357.7563533344583},"median_abs_dev":{"confidence_interval":{"confidence_level":0.95,"lower_bound":14801.289737224119,"upper_bound":27304.549515247116},"point_estimate":20805.8196306224,"standard_error":3304.732809452593},"slope":null,"std_dev":{"confidence_interval":{"confidence_level":0.95,"lower_bound":30321.03085437895,"upper_bound":78993.6848425878},"point_estimate":55069.52035623585,"standard_error":12970.277597760463}}