{"mean":{"confidence_interval":{"confidence_level":0.95,"lower_bound":58526341.95,"upper_bound":58800721.075},"point_estimate":58646041.0,"standard_error":70588.95604369308},"median":{"confidence_interval":{"confidence_level":0.95,"lower_bound":58419350.0,"upper_bound":58535500.0},"point_estimate":58474350.0,"standard_error":29912.934782160413},"median_abs_dev":{"confidence_interval":{"confidence_level":0.95,"lower_bound":141291.77749156952,"upper_bound":254710.67547798157},"point_estimate":190736.48661375046,"standard_error":28253.921518688177},"slope":null,"std_dev":{"confidence_interval":{"confidence_level":0.95,"lower_bound":289552.3564807685,"upper_bound":1053450.136990652},"point_estimate":704513.159807838,"standard_error":198877.6267107175}}