{"mean":{"confidence_interval":{"confidence_level":0.95,"lower_bound":26039167.3,"upper_bound":26106857.6375},"point_estimate":26068083.0,"standard_error":17447.364990703587},"median":{"confidence_interval":{"confidence_level":0.95,"lower_bound":26021350.0,"upper_bound":26046650.0},"point_estimate":26030625.0,"standard_error":5662.300125601054},"median_abs_dev":{"confidence_interval":{"confidence_level":0.95,"lower_bound":44366.80421233177,"upper_bound":75649.66365695},"point_estimate":57599.00897741318,"standard_error":8034.545821556549},"slope":null,"std_dev":{"confidence_interval":{"confidence_level":0.95,"lower_bound":79461.63485639931,"upper_bound":271089.24840162543},"point_estimate":175727.66381333626,"standard_error":58157.34546177607}}