{"mean":{"confidence_interval":{"confidence_level":0.95,"lower_bound":729607728.775,"upper_bound":732845347.2},"point_estimate":730926163.0,"standard_error":847500.6055678452},"median":{"confidence_interval":{"confidence_level":0.95,"lower_bound":729097700.0,"upper_bound":729927500.0},"point_estimate":729587000.0,"standard_error":238853.49408225165},"median_abs_dev":{"confidence_interval":{"confidence_level":0.95,"lower_bound":1440642.3944234848,"upper_bound":2674462.0925188065},"point_estimate":2006476.6743779182,"standard_error":319771.6347017254},"slope":null,"std_dev":{"confidence_interval":{"confidence_level":0.95,"lower_bound":2820257.763833954,"upper_bound":13712157.579829128},"point_estimate":8494591.73054345,"standard_error":3424600.801605277}}