{"mean":{"confidence_interval":{"confidence_level":0.95,"lower_bound":73764177.75,"upper_bound":74077880.2},"point_estimate":73904915.0,"standard_error":80453.87386062715},"median":{"confidence_interval":{"confidence_level":0.95,"lower_bound":73682200.0,"upper_bound":73819400.0},"point_estimate":73749100.0,"standard_error":38369.23085342966},"median_abs_dev":{"confidence_interval":{"confidence_level":0.95,"lower_bound":217645.67613601685,"upper_bound":406825.4327774048},"point_estimate":290960.24483442307,"standard_error":47920.98783214876},"slope":null,"std_dev":{"confidence_interval":{"confidence_level":0.95,"lower_bound":438932.58864042885,"upper_bound":1184181.002959959},"point_estimate":806181.1048474972,"standard_error":210183.58269885473}}