{"mean":{"confidence_interval":{"confidence_level":0.95,"lower_bound":7488600.857142857,"upper_bound":7541792.7857142845},"point_estimate":7512468.428571429,"standard_error":13669.713341997101},"median":{"confidence_interval":{"confidence_level":0.95,"lower_bound":7476635.714285715,"upper_bound":7492014.285714285},"point_estimate":7484678.571428571,"standard_error":4089.2541457010007},"median_abs_dev":{"confidence_interval":{"confidence_level":0.95,"lower_bound":23033.24959107778,"upper_bound":41406.89926488118},"point_estimate":31007.519449505402,"standard_error":4945.795127842404},"slope":null,"std_dev":{"confidence_interval":{"confidence_level":0.95,"lower_bound":63175.91102844028,"upper_bound":194929.88233667228},"point_estimate":137129.19113751253,"standard_error":33450.55814983639}}