{"mean":{"confidence_interval":{"confidence_level":0.95,"lower_bound":69158187.0,"upper_bound":69492040.875},"point_estimate":69292529.0,"standard_error":87677.84833064603},"median":{"confidence_interval":{"confidence_level":0.95,"lower_bound":69040850.0,"upper_bound":69183100.0},"point_estimate":69099300.0,"standard_error":41604.011982326956},"median_abs_dev":{"confidence_interval":{"confidence_level":0.95,"lower_bound":157081.4672112465,"upper_bound":291775.6748199463},"point_estimate":208750.0762939453,"standard_error":35145.0630813386},"slope":null,"std_dev":{"confidence_interval":{"confidence_level":0.95,"lower_bound":292404.07569942885,"upper_bound":1423951.811969095},"point_estimate":879965.8591052889,"standard_error":359992.397164412}}