{"mean":{"confidence_interval":{"confidence_level":0.95,"lower_bound":39929204.5,"upper_bound":40100888.1375},"point_estimate":40007476.0,"standard_error":43975.58004464637},"median":{"confidence_interval":{"confidence_level":0.95,"lower_bound":39898300.0,"upper_bound":39964050.0},"point_estimate":39934975.0,"standard_error":17566.017209135163},"median_abs_dev":{"confidence_interval":{"confidence_level":0.95,"lower_bound":109341.74805879593,"upper_bound":220760.06270572523},"point_estimate":153745.61727046967,"standard_error":27924.46571166226},"slope":null,"std_dev":{"confidence_interval":{"confidence_level":0.95,"lower_bound":252806.9972312242,"upper_bound":639688.9696404559},"point_estimate":443268.9403269598,"standard_error":107486.52539435607}}