{"mean":{"confidence_interval":{"confidence_level":0.95,"lower_bound":7225324.557142854,"upper_bound":7263221.810714289},"point_estimate":7241047.28571429,"standard_error":9888.075676621012},"median":{"confidence_interval":{"confidence_level":0.95,"lower_bound":7210685.714285715,"upper_bound":7223857.142857143},"point_estimate":7216442.857142857,"standard_error":3005.0525073329145},"median_abs_dev":{"confidence_interval":{"confidence_level":0.95,"lower_bound":16583.93970557592,"upper_bound":33210.2394103997},"point_estimate":23086.199590138127,"standard_error":3979.0122135596835},"slope":null,"std_dev":{"confidence_interval":{"confidence_level":0.95,"lower_bound":36125.38847843604,"upper_bound":158541.0493629779},"point_estimate":99644.88026609638,"standard_error":37742.48771290449}}