{"mean":{"confidence_interval":{"confidence_level":0.95,"lower_bound":476941683.325,"upper_bound":478055916.725},"point_estimate":477487205.0,"standard_error":284571.23330845643},"median":{"confidence_interval":{"confidence_level":0.95,"lower_bound":477117200.0,"upper_bound":477750450.0},"point_estimate":477493450.0,"standard_error":163943.2098715663},"median_abs_dev":{"confidence_interval":{"confidence_level":0.95,"lower_bound":992081.7723870277,"upper_bound":2117004.502415657},"point_estimate":1307430.7867884636,"standard_error":278314.0925586277},"slope":null,"std_dev":{"confidence_interval":{"confidence_level":0.95,"lower_bound":2246858.6462777304,"upper_bound":3468651.880160944},"point_estimate":2868319.277319283,"standard_error":313697.68916389294}}