{"mean":{"confidence_interval":{"confidence_level":0.95,"lower_bound":3043601.163235294,"upper_bound":3059303.355882352},"point_estimate":3050510.1764705884,"standard_error":4026.340260705405},"median":{"confidence_interval":{"confidence_level":0.95,"lower_bound":3042764.705882353,"upper_bound":3048123.529411765},"point_estimate":3045700.0,"standard_error":1576.8396099639929},"median_abs_dev":{"confidence_interval":{"confidence_level":0.95,"lower_bound":10639.835105222652,"upper_bound":18375.518497298704},"point_estimate":14276.565628893093,"standard_error":1978.6234032114482},"slope":null,"std_dev":{"confidence_interval":{"confidence_level":0.95,"lower_bound":20270.10432792611,"upper_bound":61755.20295812912},"point_estimate":40607.3991103091,"standard_error":12483.281699588822}}