{"mean":{"confidence_interval":{"confidence_level":0.95,"lower_bound":730577664.275,"upper_bound":731978269.925},"point_estimate":731272567.0,"standard_error":358573.0211697836},"median":{"confidence_interval":{"confidence_level":0.95,"lower_bound":730667700.0,"upper_bound":731889900.0},"point_estimate":731415650.0,"standard_error":281143.9788769176},"median_abs_dev":{"confidence_interval":{"confidence_level":0.95,"lower_bound":1853759.6108391888,"upper_bound":3326213.040947914},"point_estimate":2540583.31489563,"standard_error":364448.95888624527},"slope":null,"std_dev":{"confidence_interval":{"confidence_level":0.95,"lower_bound":2982829.599917043,"upper_bound":4164044.9642107924},"point_estimate":3609341.3453822653,"standard_error":300873.6487569829}}