{"mean":{"confidence_interval":{"confidence_level":0.95,"lower_bound":19110318.274999995,"upper_bound":19168778.383333337},"point_estimate":19134417.333333336,"standard_error":15163.305135464789},"median":{"confidence_interval":{"confidence_level":0.95,"lower_bound":19100100.0,"upper_bound":19114266.666666668},"point_estimate":19107133.333333336,"standard_error":3330.873993581192},"median_abs_dev":{"confidence_interval":{"confidence_level":0.95,"lower_bound":25253.61955165679,"upper_bound":42402.35924720764},"point_estimate":34989.359378809175,"standard_error":4450.07275272024},"slope":null,"std_dev":{"confidence_interval":{"confidence_level":0.95,"lower_bound":56439.102760772534,"upper_bound":243896.90437388566},"point_estimate":152145.8235974928,"standard_error":58910.35296606511}}