{"mean":{"confidence_interval":{"confidence_level":0.95,"lower_bound":7586326.999999996,"upper_bound":7630524.592857141},"point_estimate":7606387.142857142,"standard_error":11276.358412431193},"median":{"confidence_interval":{"confidence_level":0.95,"lower_bound":7564685.714285715,"upper_bound":7582664.285714285},"point_estimate":7575014.285714285,"standard_error":4549.342746855997},"median_abs_dev":{"confidence_interval":{"confidence_level":0.95,"lower_bound":23425.079584121013,"upper_bound":45897.58868515462},"point_estimate":33962.129397051474,"standard_error":5545.191361041127},"slope":null,"std_dev":{"confidence_interval":{"confidence_level":0.95,"lower_bound":64958.09700800515,"upper_bound":158425.15046086823},"point_estimate":113501.81331797646,"standard_error":24363.021085055392}}