{"mean":{"confidence_interval":{"confidence_level":0.95,"lower_bound":74267640.8,"upper_bound":74918261.65},"point_estimate":74566956.0,"standard_error":167395.42404692282},"median":{"confidence_interval":{"confidence_level":0.95,"lower_bound":73895700.0,"upper_bound":74230500.0},"point_estimate":74006100.0,"standard_error":78152.20233047483},"median_abs_dev":{"confidence_interval":{"confidence_level":0.95,"lower_bound":383103.83319854736,"upper_bound":777994.3361878395},"point_estimate":578139.8597359657,"standard_error":97665.67595474864},"slope":null,"std_dev":{"confidence_interval":{"confidence_level":0.95,"lower_bound":1040526.1085484994,"upper_bound":2206100.90238617},"point_estimate":1688612.4519237443,"standard_error":298552.98095523333}}