{"mean":{"confidence_interval":{"confidence_level":0.95,"lower_bound":3863480.9961538464,"upper_bound":3875915.59230769},"point_estimate":3868431.5384615376,"standard_error":3307.775476425037},"median":{"confidence_interval":{"confidence_level":0.95,"lower_bound":3862153.846153846,"upper_bound":3866453.846153846},"point_estimate":3864084.615384615,"standard_error":1088.2599814086077},"median_abs_dev":{"confidence_interval":{"confidence_level":0.95,"lower_bound":7207.716795114424,"upper_bound":11946.334403294704},"point_estimate":9882.099055326398,"standard_error":1269.9973849077883},"slope":null,"std_dev":{"confidence_interval":{"confidence_level":0.95,"lower_bound":10246.619038011086,"upper_bound":54801.60727178875},"point_estimate":33256.09547974455,"standard_error":14735.599320796546}}