{"mean":{"confidence_interval":{"confidence_level":0.95,"lower_bound":5787127.325000001,"upper_bound":5815937.222222221},"point_estimate":5800351.444444444,"standard_error":7375.385536368592},"median":{"confidence_interval":{"confidence_level":0.95,"lower_bound":5767977.777777778,"upper_bound":5782766.666666667},"point_estimate":5772061.111111112,"standard_error":3828.3778160003308},"median_abs_dev":{"confidence_interval":{"confidence_level":0.95,"lower_bound":16506.279706955876,"upper_bound":33704.43940162682},"point_estimate":21901.296277842008,"standard_error":4465.866536732857},"slope":null,"std_dev":{"confidence_interval":{"confidence_level":0.95,"lower_bound":46853.443267527546,"upper_bound":101635.07809512237},"point_estimate":73813.31023476685,"standard_error":14684.525417897103}}