{"mean":{"confidence_interval":{"confidence_level":0.95,"lower_bound":21062521.83333334,"upper_bound":21173906.116666667},"point_estimate":21113981.33333333,"standard_error":28383.451639326737},"median":{"confidence_interval":{"confidence_level":0.95,"lower_bound":20948233.333333332,"upper_bound":21185733.333333336},"point_estimate":21005566.666666668,"standard_error":80129.37634922289},"median_abs_dev":{"confidence_interval":{"confidence_level":0.95,"lower_bound":109638.26805353718,"upper_bound":334129.8495680109},"point_estimate":214507.50619173143,"standard_error":60508.80661092138},"slope":null,"std_dev":{"confidence_interval":{"confidence_level":0.95,"lower_bound":185784.5055038159,"upper_bound":397918.62356564},"point_estimate":285536.4183863695,"standard_error":60612.868333578044}}