{"mean":{"confidence_interval":{"confidence_level":0.95,"lower_bound":794531728.225,"upper_bound":797920367.125},"point_estimate":796207278.0,"standard_error":869101.0331778463},"median":{"confidence_interval":{"confidence_level":0.95,"lower_bound":789900500.0,"upper_bound":797061500.0},"point_estimate":790756900.0,"standard_error":1683409.1770711928},"median_abs_dev":{"confidence_interval":{"confidence_level":0.95,"lower_bound":3109234.5348000526,"upper_bound":12179039.87377882},"point_estimate":4831793.314218521,"standard_error":1984571.8876822782},"slope":null,"std_dev":{"confidence_interval":{"confidence_level":0.95,"lower_bound":8076094.341685845,"upper_bound":9184510.204739876},"point_estimate":8731373.001112804,"standard_error":280849.334647954}}