{"mean":{"confidence_interval":{"confidence_level":0.95,"lower_bound":19149374.25833334,"upper_bound":19212678.074999996},"point_estimate":19177446.000000004,"standard_error":16253.520645674447},"median":{"confidence_interval":{"confidence_level":0.95,"lower_bound":19133900.0,"upper_bound":19162566.666666664},"point_estimate":19150383.333333336,"standard_error":8419.651660002466},"median_abs_dev":{"confidence_interval":{"confidence_level":0.95,"lower_bound":51668.60908269882,"upper_bound":84013.99850845522},"point_estimate":66395.76882123762,"standard_error":8084.376437317877},"slope":null,"std_dev":{"confidence_interval":{"confidence_level":0.95,"lower_bound":70608.12068556507,"upper_bound":237972.97305491354},"point_estimate":163561.48998209415,"standard_error":44081.147069423074}}