{"mean":{"confidence_interval":{"confidence_level":0.95,"lower_bound":44927152.25,"upper_bound":45175522.8125},"point_estimate":45043991.0,"standard_error":63644.25085116025},"median":{"confidence_interval":{"confidence_level":0.95,"lower_bound":44849825.0,"upper_bound":44963600.0},"point_estimate":44909350.0,"standard_error":27599.9903728381},"median_abs_dev":{"confidence_interval":{"confidence_level":0.95,"lower_bound":259010.21540164948,"upper_bound":430769.422352314},"point_estimate":321761.25928759575,"standard_error":42486.09343322485},"slope":null,"std_dev":{"confidence_interval":{"confidence_level":0.95,"lower_bound":429558.4276648063,"upper_bound":821478.805790281},"point_estimate":640517.1058984178,"standard_error":100073.11369056768}}