{"mean":{"confidence_interval":{"confidence_level":0.95,"lower_bound":60843376.65,"upper_bound":61154306.175},"point_estimate":60974408.0,"standard_error":80654.50495095912},"median":{"confidence_interval":{"confidence_level":0.95,"lower_bound":60735600.0,"upper_bound":60848000.0},"point_estimate":60799800.0,"standard_error":27996.346988395308},"median_abs_dev":{"confidence_interval":{"confidence_level":0.95,"lower_bound":165826.95380598324,"upper_bound":300152.3646712303},"point_estimate":235659.2658162117,"standard_error":35455.91828677975},"slope":null,"std_dev":{"confidence_interval":{"confidence_level":0.95,"lower_bound":310318.11055981595,"upper_bound":1276431.6518537297},"point_estimate":811560.5699658112,"standard_error":284501.72827441565}}