{"mean":{"confidence_interval":{"confidence_level":0.95,"lower_bound":823213837.35,"upper_bound":826196642.025},"point_estimate":824528444.0,"standard_error":768366.8250567656},"median":{"confidence_interval":{"confidence_level":0.95,"lower_bound":822416700.0,"upper_bound":822931000.0},"point_estimate":822647450.0,"standard_error":152510.80831917742},"median_abs_dev":{"confidence_interval":{"confidence_level":0.95,"lower_bound":876661.3644361496,"upper_bound":1742203.2290697098},"point_estimate":1244197.8979110718,"standard_error":220832.0214745528},"slope":null,"std_dev":{"confidence_interval":{"confidence_level":0.95,"lower_bound":2487542.486587068,"upper_bound":11105799.892915042},"point_estimate":7718215.969967059,"standard_error":2058141.207770926}}