{"mean":{"confidence_interval":{"confidence_level":0.95,"lower_bound":27856634.0,"upper_bound":27934007.2875},"point_estimate":27889979.0,"standard_error":20001.426069771995},"median":{"confidence_interval":{"confidence_level":0.95,"lower_bound":27831400.0,"upper_bound":27879350.0},"point_estimate":27855225.0,"standard_error":12840.39740699078},"median_abs_dev":{"confidence_interval":{"confidence_level":0.95,"lower_bound":60675.40392279625,"upper_bound":100223.75822067261},"point_estimate":81246.47855758667,"standard_error":10472.180684918756},"slope":null,"std_dev":{"confidence_interval":{"confidence_level":0.95,"lower_bound":83300.59422538835,"upper_bound":311342.4040438457},"point_estimate":201586.91613437035,"standard_error":64815.75670187755}}