{"mean":{"confidence_interval":{"confidence_level":0.95,"lower_bound":3225238.4984375,"upper_bound":3239914.8453125},"point_estimate":3231583.0,"standard_error":3791.0533629722154},"median":{"confidence_interval":{"confidence_level":0.95,"lower_bound":3221168.75,"upper_bound":3227415.625},"point_estimate":3223356.25,"standard_error":1542.4975657386176},"median_abs_dev":{"confidence_interval":{"confidence_level":0.95,"lower_bound":8321.09235227108,"upper_bound":14061.534125357866},"point_estimate":10855.411682277918,"standard_error":1384.7448556342079},"slope":null,"std_dev":{"confidence_interval":{"confidence_level":0.95,"lower_bound":15760.183755291688,"upper_bound":58915.653300489284},"point_estimate":38200.242846962625,"standard_error":12192.81828439411}}