{"mean":{"confidence_interval":{"confidence_level":0.95,"lower_bound":77787924.85,"upper_bound":78173116.525},"point_estimate":77964243.0,"standard_error":98499.18182240818},"median":{"confidence_interval":{"confidence_level":0.95,"lower_bound":77575200.0,"upper_bound":77787600.0},"point_estimate":77655950.0,"standard_error":53953.838448870265},"median_abs_dev":{"confidence_interval":{"confidence_level":0.95,"lower_bound":239143.37575435638,"upper_bound":426618.14242601395},"point_estimate":333288.4740829468,"standard_error":50078.9783926599},"slope":null,"std_dev":{"confidence_interval":{"confidence_level":0.95,"lower_bound":548146.9333539242,"upper_bound":1363821.6258999493},"point_estimate":993636.1982108691,"standard_error":209741.556022054}}